"DESCRIPTION","DURATION IN MS","NAME","PARENT SUITE","START TIME","STATUS","STOP TIME","SUB SUITE","SUITE","TEST CLASS","TEST METHOD"
"","165","@smoke mock search page with fake HTML - Negative test case - 1","chromium","2026-10-08","passed","2026-10-08","","api/intercept.spec.ts","",""
"","2884","@smoke Search Box exists on Login Page","chromium","2026-10-08","passed","2026-10-08","","searchpagefix.spec.ts","",""
"","4445","@smoke verify product header - samsung - Samsung Galaxy Tab 10.1","chromium","2026-10-08","passed","2026-10-08","","productpagefix.spec.ts","",""
"","278","@smoke mock search with fake JSON","chromium","2026-10-08","passed","2026-10-08","","api/intercept.spec.ts","",""
"","343","@smoke mock search page with fake HTML - Positive test case","chromium","2026-10-08","passed","2026-10-08","","api/intercept.spec.ts","",""
"","2882","@smoke Cart exists on Login Page","chromium","2026-10-08","passed","2026-10-08","","searchpagefix.spec.ts","",""
"","2848","@smoke intercept and log requests","chromium","2026-10-08","passed","2026-10-08","","api/intercept.spec.ts","",""
"","3390","@smoke verify search results count - imac - iMac","chromium","2026-10-08","passed","2026-10-08","","searchpagefix.spec.ts","",""
"","3621","@smoke verify search results count - macbook - MacBook Air","chromium","2026-10-08","passed","2026-10-08","","searchpagefix.spec.ts","",""
"","2912","@smoke logout link exist test","chromium","2026-10-08","passed","2026-10-08","","homepagefix.spec.ts","",""
"","2961","@smoke Cart exists on Login Page","chromium","2026-10-08","passed","2026-10-08","","homepagefix.spec.ts","",""
"","155","@smoke POST -- generate the access token","chromium","2026-10-08","passed","2026-10-08","Spotify album flow","api/spotify.api.schema.spec.ts","",""
"","2916","@smoke Search Box exists on Login Page","chromium","2026-10-08","passed","2026-10-08","","productpagefix.spec.ts","",""
"","3003","@smoke Footers exists on Login Page","chromium","2026-10-08","passed","2026-10-08","","searchpagefix.spec.ts","",""
"","2809","@smoke App logo exists on Login Page","chromium","2026-10-08","passed","2026-10-08","","loginpagefix.spec.ts","",""
"","162","@smoke mock search page with fake HTML - Negative test case - 2","chromium","2026-10-08","passed","2026-10-08","","api/intercept.spec.ts","",""
"","2734","@smoke Footers exists on Login Page","chromium","2026-10-08","passed","2026-10-08","","productpagefix.spec.ts","",""
"","486","@smoke @regression GET API - get all users","chromium","2026-10-08","passed","2026-10-08","running e2e go rest crud apis tests","api/user.api.spec.ts","",""
"","3440","@smoke register to app with CSV data - Bhavika - A","chromium","2026-10-08","passed","2026-10-08","","registerpagefix.spec.ts","",""
"","2878","@smoke Footers exists on Login Page","chromium","2026-10-08","passed","2026-10-08","","homepagefix.spec.ts","",""
"","2667","@smoke home page title test","chromium","2026-10-08","passed","2026-10-08","","homepagefix.spec.ts","",""
"","3836","@smoke register to app with CSV data - Sudha - M","chromium","2026-10-08","passed","2026-10-08","","registerpagefix.spec.ts","",""
"","4362","@smoke verify product images count - macbook - MacBook Pro","chromium","2026-10-08","passed","2026-10-08","","productpagefix.spec.ts","",""
"","4094","@smoke verify product images count - imac - iMac","chromium","2026-10-08","passed","2026-10-08","","productpagefix.spec.ts","",""
"","9982","@smoke verify product details","chromium","2026-10-08","passed","2026-10-08","","shoppingcartpagefix.spec.ts","",""
"","2867","@smoke App logo exists on Login Page","chromium","2026-10-08","passed","2026-10-08","","productpagefix.spec.ts","",""
"","3141","@smoke verify search results count - macbook - MacBook Pro","chromium","2026-10-08","passed","2026-10-08","","searchpagefix.spec.ts","",""
"","353","@smoke GET -- fetch album and validate schema","chromium","2026-10-08","passed","2026-10-08","Spotify album flow","api/spotify.api.schema.spec.ts","",""
"","1440","@smoke get a user - schema test","chromium","2026-10-08","passed","2026-10-08","","api/user.api.schema.spec.ts","",""
"","1974","@smoke login page title test","chromium","2026-10-08","passed","2026-10-08","","loginpagefix.spec.ts","",""
"","4793","@smoke verify product images count - macbook - MacBook Air","chromium","2026-10-08","passed","2026-10-08","","productpagefix.spec.ts","",""
"","4408","@smoke verify product header - imac - iMac","chromium","2026-10-08","passed","2026-10-08","","productpagefix.spec.ts","",""
"","2917","@smoke App logo exists on Login Page","chromium","2026-10-08","passed","2026-10-08","","homepagefix.spec.ts","",""
"","3585","@smoke register to app with CSV data - Reshmi - M","chromium","2026-10-08","passed","2026-10-08","","registerpagefix.spec.ts","",""
"","2793","@smoke Search Box exists on Login Page","chromium","2026-10-08","passed","2026-10-08","","loginpagefix.spec.ts","",""
"","1109","@smoke get all users - schema test","chromium","2026-10-08","passed","2026-10-08","","api/user.api.schema.spec.ts","",""
"","3261","@smoke verify search results count - samsung - Samsung Galaxy Tab 10.1","chromium","2026-10-08","passed","2026-10-08","","searchpagefix.spec.ts","",""
"","2805","@smoke App logo exists on Login Page","chromium","2026-10-08","passed","2026-10-08","","searchpagefix.spec.ts","",""
"","2912","@smoke Search Box exists on Login Page","chromium","2026-10-08","passed","2026-10-08","","homepagefix.spec.ts","",""
"","2115","@smoke Cart exists on Login Page","chromium","2026-10-08","passed","2026-10-08","","loginpagefix.spec.ts","",""
"","4543","@smoke verify product header - macbook - MacBook Pro","chromium","2026-10-08","passed","2026-10-08","","productpagefix.spec.ts","",""
"","4559","@smoke verify product header - macbook - MacBook Air","chromium","2026-10-08","passed","2026-10-08","","productpagefix.spec.ts","",""
"","2734","@smoke Cart exists on Login Page","chromium","2026-10-08","passed","2026-10-08","","productpagefix.spec.ts","",""
"","2324","@smoke Footers exists on Login Page","chromium","2026-10-08","passed","2026-10-08","","loginpagefix.spec.ts","",""
"","4601","@smoke verify product images count - samsung - Samsung Galaxy Tab 10.1","chromium","2026-10-08","passed","2026-10-08","","productpagefix.spec.ts","",""
